num_nodes,method,seed,time_seconds,peak_memory_kb
400,Ours,42,0.01925979099178221,157.1103515625
400,Ours,62,0.019132999994326383,152.2431640625
400,Ours,123,0.019602375003159977,153.8134765625
400,Ours,456,0.019358542005647905,152.7509765625
400,Ours,789,0.01929820899385959,152.5244140625
800,Ours,42,0.027085583002190106,295.0947265625
800,Ours,62,0.026540000006207265,298.6494140625
800,Ours,123,0.025798415997996926,297.3134765625
800,Ours,456,0.025805583005421795,298.9619140625
800,Ours,789,0.025649834002251737,299.2275390625
1000,Ours,42,0.027742542006308213,358.2353515625
1000,Ours,62,0.02851050000754185,355.7197265625
1000,Ours,123,0.02828758400573861,360.6572265625
1000,Ours,456,0.02885408299334813,361.1025390625
1000,Ours,789,0.03030154199223034,358.5712890625
2000,Ours,42,0.03709312500723172,625.953125
2000,Ours,62,0.03847508299804758,626.3203125
2000,Ours,123,0.0385582920134766,623.2119140625
2000,Ours,456,0.11804333400505129,624.2822265625
2000,Ours,789,0.03694295800232794,623.15625
3000,Ours,42,0.04339095800241921,837.3212890625
3000,Ours,62,0.044381832994986326,837.7509765625
3000,Ours,123,0.04345595800259616,839.5009765625
3000,Ours,456,0.04558045799785759,841.5947265625
3000,Ours,789,0.04403579198697116,841.0634765625
4000,Ours,42,0.05377520799811464,1034.4541015625
4000,Ours,62,0.0503297920076875,1040.5634765625
4000,Ours,123,0.05020929200691171,1043.1650390625
4000,Ours,456,0.04973845899803564,1038.4931640625
4000,Ours,789,0.04845579199900385,1040.2197265625
5000,Ours,42,0.05571233399678022,1233.5009765625
5000,Ours,62,0.05727612500777468,1242.1103515625
5000,Ours,123,0.06623158299771603,1231.9150390625
5000,Ours,456,0.05435704100818839,1239.1416015625
5000,Ours,789,0.053113792004296556,1230.1181640625
6000,Ours,42,0.06182716699549928,1430.6181640625
6000,Ours,62,0.07012079100240953,1435.4072265625
6000,Ours,123,0.20439508398703765,1423.8447265625
6000,Ours,456,0.061237583999172784,1436.0087890625
6000,Ours,789,0.06368487500003539,1424.7353515625
7000,Ours,42,0.08688141700986307,1671.9541015625
7000,Ours,62,0.09107083300477825,1669.5009765625
7000,Ours,123,0.09917674999451265,1673.2353515625
7000,Ours,456,0.06508391699753702,1617.5947265625
7000,Ours,789,0.07053420900774654,1619.5166015625
8000,Ours,42,0.0739153750037076,1808.0634765625
8000,Ours,62,0.07912650000071153,1808.3056640625
8000,Ours,123,0.07397995800420176,1811.9228515625
8000,Ours,456,0.10632966700359248,1856.6806640625
8000,Ours,789,0.1131595839979127,1795.3994140625
400,Rejection Sampling,42,0.01202416600426659,231.3984375
400,Rejection Sampling,62,0.012496291994466446,230.9609375
400,Rejection Sampling,123,0.012465749998227693,231.1796875
400,Rejection Sampling,456,0.012166916989372112,231.0234375
400,Rejection Sampling,789,0.011620457997196354,229.3671875
800,Rejection Sampling,42,0.013292332994751632,345.0859375
800,Rejection Sampling,62,0.01375004199508112,345.8359375
800,Rejection Sampling,123,0.013532959012081847,345.8359375
800,Rejection Sampling,456,0.013332332993741147,346.3046875
800,Rejection Sampling,789,0.012935332997585647,345.0859375
1000,Rejection Sampling,42,0.013757041000644676,396.7734375
1000,Rejection Sampling,62,0.014548749997629784,397.3984375
1000,Rejection Sampling,123,0.013612125010695308,397.8359375
1000,Rejection Sampling,456,0.014352750004036352,397.7109375
1000,Rejection Sampling,789,0.01594654200016521,396.3671875
2000,Rejection Sampling,42,0.01654383300046902,1026.9296875
2000,Rejection Sampling,62,0.017728332997648977,1026.6171875
2000,Rejection Sampling,123,0.01747558399802074,1027.4921875
2000,Rejection Sampling,456,0.017335249998723157,1026.3984375
2000,Rejection Sampling,789,0.01711283299664501,1026.6171875
3000,Rejection Sampling,42,0.018479417005437426,1267.2421875
3000,Rejection Sampling,62,0.019874500008882023,1267.0546875
3000,Rejection Sampling,123,0.01888649999455083,1267.3671875
3000,Rejection Sampling,456,0.019417666000663303,1267.2421875
3000,Rejection Sampling,789,0.02014170799520798,1266.9296875
4000,Rejection Sampling,42,0.02205583400791511,1506.1484375
4000,Rejection Sampling,62,0.021287041003233753,1505.9609375
4000,Rejection Sampling,123,0.021761000010883436,1506.2734375
4000,Rejection Sampling,456,0.021794375003082678,1505.9609375
4000,Rejection Sampling,789,0.02153875000658445,1505.7421875
5000,Rejection Sampling,42,0.023888374998932704,1744.7109375
5000,Rejection Sampling,62,0.023593167003127746,1744.5546875
5000,Rejection Sampling,123,0.029255165994982235,1744.6796875
5000,Rejection Sampling,456,0.02722816599998623,1744.5234375
5000,Rejection Sampling,789,0.025834332991507836,1744.3046875
6000,Rejection Sampling,42,0.03457583300769329,3875.9609375
6000,Rejection Sampling,62,0.03844804200343788,3875.9609375
6000,Rejection Sampling,123,0.2627870829892345,3875.9609375
6000,Rejection Sampling,456,0.029352709010709077,3875.9609375
6000,Rejection Sampling,789,0.03156012500403449,3875.9609375
7000,Rejection Sampling,42,0.06333762500435114,4113.4609375
7000,Rejection Sampling,62,0.08513479199609719,4113.4609375
7000,Rejection Sampling,123,0.04628654199768789,4113.4609375
7000,Rejection Sampling,456,0.034629000001586974,4113.4609375
7000,Rejection Sampling,789,0.25505479199637193,4113.4609375
8000,Rejection Sampling,42,0.07526499999221414,4350.9609375
8000,Rejection Sampling,62,0.07920720800757408,4350.9609375
8000,Rejection Sampling,123,0.133131583002978,4350.9609375
8000,Rejection Sampling,456,0.15370974999677856,4350.9609375
8000,Rejection Sampling,789,0.060332875000312924,4350.9609375
400,SparseDiff,42,0.005338959002983756,1312.875
400,SparseDiff,62,0.005713666992960498,1312.7890625
400,SparseDiff,123,0.005921290998230688,1312.7890625
400,SparseDiff,456,0.0056762080057524145,1312.7890625
400,SparseDiff,789,0.0058857080002781,1312.8515625
800,SparseDiff,42,0.013704334007343277,5273.21875
800,SparseDiff,62,0.015111040993360803,5273.21875
800,SparseDiff,123,0.014213874994311482,5273.21875
800,SparseDiff,456,0.014120749998255633,5273.21875
800,SparseDiff,789,0.014022750008734874,5273.21875
1000,SparseDiff,42,0.019144958001561463,8249.52734375
1000,SparseDiff,62,0.019310040996060707,8249.52734375
1000,SparseDiff,123,0.01843779199407436,8249.52734375
1000,SparseDiff,456,0.018905791992438026,8249.52734375
1000,SparseDiff,789,0.019589874995290302,8249.52734375
2000,SparseDiff,42,0.05187287500302773,33092.0078125
2000,SparseDiff,62,0.05226958300045226,33092.0078125
2000,SparseDiff,123,0.05428329198912252,33092.0078125
2000,SparseDiff,456,0.05434658301237505,33092.0078125
2000,SparseDiff,789,0.050238249998074025,33092.0078125
3000,SparseDiff,42,0.10332491699955426,74536.05078125
3000,SparseDiff,62,0.1105464580032276,74536.05078125
3000,SparseDiff,123,0.10490016599942464,74536.05078125
3000,SparseDiff,456,0.11313254199922085,74536.05078125
3000,SparseDiff,789,0.11989329100470059,74536.05078125
4000,SparseDiff,42,0.19864020799286664,132581.65625
4000,SparseDiff,62,0.19254591700155288,132581.65625
4000,SparseDiff,123,0.18710820798878558,132581.65625
4000,SparseDiff,456,0.19004941599268932,132581.65625
4000,SparseDiff,789,0.18882533400028478,132581.65625
5000,SparseDiff,42,0.3407630000001518,207228.82421875
5000,SparseDiff,62,0.29830737500742543,207228.82421875
5000,SparseDiff,123,0.3990244580054423,207228.82421875
5000,SparseDiff,456,0.4012148749898188,207228.82421875
5000,SparseDiff,789,0.33678812500147615,207228.82421875
6000,SparseDiff,42,0.5676795409963233,298477.5546875
6000,SparseDiff,62,0.5822611670009792,298477.5546875
6000,SparseDiff,123,0.6793235840013949,298477.5546875
6000,SparseDiff,456,0.49900174999493174,298477.5546875
6000,SparseDiff,789,0.4858137080009328,298477.5546875
7000,SparseDiff,42,0.8240008330030832,406327.84765625
7000,SparseDiff,62,0.8536239999957616,406327.84765625
7000,SparseDiff,123,0.756740875003743,406327.84765625
7000,SparseDiff,456,0.6534655409923289,406327.84765625
7000,SparseDiff,789,0.8922359169955598,406327.84765625
8000,SparseDiff,42,1.0161648750072345,530779.765625
8000,SparseDiff,62,0.9109242920094403,530779.765625
8000,SparseDiff,123,1.136898333003046,530779.765625
8000,SparseDiff,456,1.1688050410011783,530779.703125
8000,SparseDiff,789,0.9436679579957854,530779.703125
